role,city,networks,signals,lanes,scenarios
Source,atlanta,1,5,55,atlanta_1x5
Source,cologne,3,12,252,"cologne1, cologne3, cologne8"
Source,hangzhou,6,36,532,"hangzhou_bc_tyc, hangzhou_kn_hz, hangzhou_qc_yn, hangzhou_sb_sx, hangzhou_4x4, hangzhou_4x4_hetero"
Source,ingolstadt,3,32,2227,"ingolstadt1, ingolstadt7, ingolstadt21"
Source,new_york,1,196,2562,manhattan_28x7
Source,resco_synthetic,2,32,360,"grid4x4, arterial4x4"
Source,salt_lake_city,2,4,88,"saltlake_400s_200w_q1_weekday_peak, saltlake_state_university_q1_weekday_peak"
External target,los_angeles,1,4,157,la_1x4
External target,jinan,1,12,186,jinan_3x4 (3 demand files)
